Center,Item,Min Price,Max Price,Total Arrival,Year,Month,Min Temp,Max Temp,Wind Speed( ),RainFall(   ),Humidity( ),Cloud( ),Pressure(  ),Yield
Chennai ,Onion,1902,3089,12860,2010,1,24,27,19,0.7,75,24,1012,0
Chennai ,Onion,1589,2409,11570,2010,2,28,24,9,0,73,1,1015,1
Chennai ,Onion,1122,1968,12680,2010,3,25,31,12,0,70,0,1013,1
Chennai ,Onion,820,1387,11780,2010,4,30,36,21,0,70,6,1008,1
Chennai ,Onion,833,1463,12320,2010,5,33,29,12,3.6,73,38,1010,1
Chennai ,Onion,994,1585,13650,2010,6,31,38,19,0.7,61,6,1005,0
Chennai ,Onion,1028,1655,13670,2010,7,29,33,16,3.3,66,37,1003,0
Chennai ,Onion,1175,1821,12340,2010,8,33,28,15,1.3,66,39,1006,0
Chennai ,Onion,1496,2209,10990,2010,9,26,31,13,6.1,74,19,1007,1
Chennai ,Onion,1992,2650,10900,2010,10,27,31,9,10.2,76,29,1006,1
Chennai ,Onion,2709,3483,10040,2010,11,25,29,7,38.6,82,57,1006,1
Chennai ,Onion,3638,4975,10600,2010,12,26,28,17,79.3,84,47,1009,1
Chennai ,Onion,3924,5408,11250,2011,1,27,24,24,9.3,81,70,1010,1
Chennai ,Onion,1589,3530,12850,2011,2,28,23,19,0,77,22,1013,1
Chennai ,Onion,880,1556,14480,2011,3,25,30,15,0,69,7,1012,0
Chennai ,Onion,1010,1500,10580,2011,4,26,34,19,0,72,4,1008,1
Chennai ,Onion,926,1320,13710,2011,5,33,29,12,0.6,76,4,1007,0
Chennai ,Onion,1056,1504,11860,2011,6,30,36,19,6.9,68,17,1003,1
Chennai ,Onion,1165,1663,12710,2011,7,29,34,15,1.6,66,34,1004,0
Chennai ,Onion,1388,1945,16425,2011,8,33,28,16,0.4,64,40,1004,0
Chennai ,Onion,1441,2002,16410,2011,9,28,31,20,2.4,75,39,1004,0
Chennai ,Onion,1476,2039,11765,2011,10,28,33,10,1.1,71,11,1007,1
Chennai ,Onion,1422,1978,10861,2011,11,27,28,12,28.2,78,72,1009,1
Chennai ,Onion,1372,1708,13489,2011,12,25,28,9,0.1,74,10,1010,0
Chennai ,Onion,894,1406,18180,2012,1,27,23,17,0.4,75,42,1013,0
Chennai ,Onion,890,1333,12570,2012,2,27,23,19,0,71,11,1014,1
Chennai ,Onion,804,1208,17850,2012,3,26,32,20,0,77,4,1007,0
Chennai ,Onion,821,1650,12090,2012,4,27,32,16,0,72,19,1011,1
Chennai ,Onion,777,1204,14170,2012,5,34,29,21,3.8,73,18,1005,0
Chennai ,Onion,894,1377,11910,2012,6,31,38,15,0,55,23,1001,1
Chennai ,Onion,1035,1550,11992,2012,7,29,34,18,6.4,60,47,1002,0
Chennai ,Onion,1146,1575,10910,2012,8,35,29,19,0,54,12,1006,1
Chennai ,Onion,1122,1600,11270,2012,9,28,33,20,7,66,26,1005,1
Chennai ,Onion,1261,1739,10680,2012,10,27,33,11,14,76,47,1007,1
Chennai ,Onion,1921,2408,10620,2012,11,26,30,28,7.7,77,55,1005,1
Chennai ,Onion,1941,2471,8130,2012,12,24,28,13,0,70,24,1011,1
Chennai ,Onion,1959,2545,11670,2013,1,28,24,17,0,76,18,1012,1
Chennai ,Onion,2044,2876,13110,2013,2,27,23,16,0,67,7,1015,1
Chennai ,Onion,1513,2187,12740,2013,3,25,29,13,0,69,0,1012,1
Chennai ,Onion,1410,2042,11990,2013,4,27,33,20,0,71,2,1008,1
Chennai ,Onion,1431,2000,14350,2013,5,33,28,18,0,70,5,1006,0
Chennai ,Onion,1852,2416,11990,2013,6,29,33,13,7.9,70,43,1004,1
Chennai ,Onion,2756,3433,11940,2013,7,30,34,14,7.1,60,47,1004,0
Chennai ,Onion,4529,5700,11010,2013,8,33,28,25,0,56,42,1003,1
Chennai ,Onion,5204,6563,11350,2013,9,27,32,14,0.5,75,12,1007,1
Chennai ,Onion,4676,5928,11180,2013,10,27,33,13,7,72,33,1005,1
Chennai ,Onion,4692,5675,10980,2013,11,26,30,16,4.7,79,29,1011,1
Chennai ,Onion,2560,3656,11470,2013,12,25,29,15,15.5,78,27,1012,1
Chennai ,Onion,1471,2371,16510,2014,1,24,27,21,1.2,75,52,1014,0
Chennai ,Onion,1300,1942,12520,2014,2,24,27,19,5.7,77,47,1014,1
Chennai ,Onion,1280,1848,12650,2014,3,24,28,13,0,76,23,1012,1
Chennai ,Onion,1323,1900,10590,2014,4,26,34,18,0,60,0,1007,1
Chennai ,Onion,1640,2232,15662,2014,5,34,29,19,0,71,23,1008,0
Chennai ,Onion,2292,2968,12530,2014,6,31,36,19,0,70,9,1003,1
Chennai ,Onion,2988,3785,12880,2014,7,30,35,19,0,63,30,1005,0
Chennai ,Onion,2691,4865,10283,2014,8,34,28,16,2.9,62,41,1004,1
Chennai ,Onion,2396,3126,12720,2014,9,28,33,18,9.5,63,29,1003,1
Chennai ,Onion,2335,2948,10610,2014,10,27,31,10,0,74,17,1010,1
Chennai ,Onion,2400,3060,12780,2014,11,27,29,28,2.6,71,56,1010,0
Chennai ,Onion,2404,3008,11710,2014,12,26,28,22,0,67,23,1011,1
Chennai ,Onion,2132,2924,11440,2015,1,28,24,13,0.7,76,8,1013,1
Chennai ,Onion,2231,3100,18750,2015,2,27,23,16,16,73,40,1015,0
Chennai ,Onion,2116,2824,13200,2015,3,25,29,18,0.5,76,37,1011,1
Chennai ,Onion,1878,2635,16820,2015,4,28,31,17,0,72,20,1010,0
Chennai ,Onion,2023,2754,13555,2015,5,34,30,24,0,69,3,1008,0
Chennai ,Onion,2519,3412,13350,2015,6,30,32,16,3.1,64,48,1005,0
Chennai ,Onion,2671,3833,12600,2015,7,29,34,17,0.8,66,24,1008,0
Chennai ,Onion,4920,6144,13260,2015,8,32,29,14,6.5,68,32,1008,0
Chennai ,Onion,5326,9148,12180,2015,9,27,31,14,3,73,59,1006,1
Chennai ,Onion,3804,7113,11170,2015,10,28,30,13,2,72,28,1010,1
Chennai ,Onion,3653,4840,26180,2015,11,27,30,9,23.7,74,53,1011,0
Chennai ,Onion,2486,3627,11220,2015,12,26,26,21,156.9,88,88,1012,1
Chennai ,Onion,2086,3218,11860,2016,1,28,24,14,0,66,11,1016,1
Chennai ,Onion,1786,2739,15760,2016,2,29,25,8,0,65,0,1014,0
Chennai ,Onion,1321,2089,14465,2016,3,26,30,11,0.2,72,44,1014,0
Chennai ,Onion,1352,2804,11430,2016,4,27,32,19,0,74,16,1010,1
Chennai ,Onion,1376,2016,12505,2016,5,34,29,22,0,69,0,1008,1
Chennai ,Onion,1589,2341,14350,2016,6,30,34,16,0.6,67,40,1004,0
Chennai ,Onion,1579,2400,12240,2016,7,28,34,18,0.1,63,34,1004,0
Chennai ,Onion,1520,2288,13210,2016,8,32,27,17,7.3,66,34,1006,0
Chennai ,Onion,1345,2255,13870,2016,9,38,32,13,13.4,72,46,1007,0
Chennai ,Onion,1216,2168,14290,2016,10,28,32,11,6.8,75,27,1006,0
Chennai ,Onion,1343,2257,15320,2016,11,27,30,18,3.6,75,45,1011,0
Chennai ,Onion,1464,2488,12450,2016,12,25,27,24,39.9,81,56,1010,0
Chennai ,Onion,1276,2112,13820,2017,1,27,23,12,0,66,4,1011,0
Chennai ,Onion,1052,1974,14710,2017,2,28,23,9,0,67,0,1014,1
Chennai ,Onion,1096,1928,15040,2017,3,25,29,12,0,68,0,1012,0
Chennai ,Onion,1200,2023,11240,2017,4,27,33,19,0,72,1,1011,1
Chennai ,Onion,1018,1728,13680,2017,5,28,33,21,0,73,11,1010,0
Chennai ,Onion,1183,1969,13460,2017,6,30,35,18,0.8,65,9,1004,0
Chennai ,Onion,1152,2035,13340,2017,7,30,35,14,1.6,62,50,1005,0
Chennai ,Onion,2336,3712,12440,2017,8,34,29,15,0.6,68,27,1007,0
Chennai ,Onion,1793,3057,14920,2017,9,29,33,9,3.6,68,38,1007,0
Chennai ,Onion,2896,4208,11830,2017,10,28,32,13,22,75,37,1007,0
Chennai ,Onion,4106,5336,10900,2017,11,26,28,23,64.6,83,72,1011,1
Chennai ,Onion,4229,5568,12990,2017,12,26,28,25,16.9,80,57,1011,0
Chennai ,Onion,4096,5384,17650,2018,1,27,23,14,0,59,0,1012,0
Chennai ,Onion,2329,3583,18690,2018,2,28,23,8,0,54,0,1014,0
Chennai ,Onion,1502,2400,12990,2018,3,26,30,8,0,69,0,1011,1
Chennai ,Onion,1179,2000,12020,2018,4,27,31,18,0,79,5,1009,1
Chennai ,Onion,1180,1970,14720,2018,5,29,34,24,0.1,74,6,1006,0
Chennai ,Onion,1412,2362,13480,2018,6,31,34,14,2.2,71,13,1004,0
Chennai ,Onion,1893,2750,13085,2018,7,29,32,11,0.4,68,31,1006,0
Chennai ,Onion,1833,2742,13230,2018,8,33,29,17,0.1,64,32,1006,0
Chennai ,Onion,1573,2450,12980,2018,9,28,33,16,4.6,68,43,1007,0
Chennai ,Onion,1773,2704,13460,2018,10,29,31,10,7.4,72,21,1009,0
Chennai ,Onion,1823,2668,12290,2018,11,26,29,11,19,77,54,1010,1
Chennai ,Onion,1538,2373,15730,2018,12,25,28,14,0.1,68,9,1013,0
Chennai ,Onion,1252,1965,13120,2019,1,26,23,15,0.2,74,25,1014,0
Chennai ,Onion,961,1774,13070,2019,2,27,24,16,0,68,24,1015,1
Chennai ,Onion,979,1819,11530,2019,3,26,29,16,1.8,80,29,1010,1
Chennai ,Onion,1209,2017,12470,2019,4,28,33,23,0,72,0,1010,0
Chennai ,Onion,1296,2222,14680,2019,5,29,35,16,5.1,68,31,1004,0
Chennai ,Onion,1779,2808,11770,2019,6,31,36,25,2.6,68,8,1004,1
Chennai ,Onion,1944,3830,12180,2019,7,29,33,15,0.3,66,28,1003,0
Chennai ,Onion,2296,3229,10470,2019,8,32,28,20,6.3,68,26,1006,1
Chennai ,Onion,3617,4925,11403,2019,9,27,30,12,23.5,77,58,1005,1
Chennai ,Onion,3600,4967,12720,2019,10,26,31,15,0,77,11,1011,0
Chennai ,Onion,6177,7969,13430,2019,11,26,30,9,0.1,76,17,1011,0
Chennai ,Onion,9931,13444,12642,2019,12,25,27,15,65.9,87,75,1012,0
Chennai ,Onion,4893,7339,15540,2020,1,27,25,23,6.3,78,73,1014,0
Chennai ,Onion,2842,4275,23820,2020,2,28,25,14,0,70,15,1012,0
Chennai ,Onion,2005,3232,9970,2020,3,25,29,12,0,63,2,1012,1
Chennai ,Onion,0,0,0,2020,4,26,31,17,0,70,2,1010,1
Chennai ,Onion,0,0,0,2020,5,28,33,21,0,73,12,1008,1
Chennai ,Onion,0,0,0,2020,6,29,33,30,0,72,16,1007,1
Chennai ,Onion,0,0,0,2020,7,26,32,15,33.3,72,68,1004,1
Chennai ,Onion,0,0,0,2020,8,29,23,16,7.3,76,71,1004,1
Chennai ,Onion,0,0,0,2020,9,28,32,10,3.7,70,67,1006,1
Chennai ,Onion,0,0,0,2020,10,22,30,15,1.2,74,58,1005,1
Chennai ,Onion,0,0,0,2020,11,26,30,11,0,69,17,1010,1
Chennai ,Onion,0,0,0,2020,12,25,27,24,0.2,74,42,1013,1
Chennai ,Onion,3267,5000,1580,2021,1,27,25,25,11.1,83,74,1009,1
Chennai ,Onion,4165,5804,10300,2021,2,28,36,18,0,72,8,1015,1
Chennai ,Onion,2368,3676,13990,2021,3,23,28,14,0,70,0,1011,0
Chennai ,Onion,1433,2462,12130,2021,4,28,28,24,0,67,0,1003,0
Chennai ,Onion,1425,2475,2100,2021,5,28,32,21,0,69,15,1008,1
Chennai ,Onion,0,0,0,2021,6,30,34,17,0,64,15,1004,0
Chennai ,Onion,2100,3500,1020,2021,7,25,29,14,26.8,74,72,1005,1
Chennai ,Onion,2261,3491,11780,2021,8,34,28,18,0.2,56,67,1005,1
Chennai ,Onion,1892,3060,13465,2021,9,28,33,13,1,67,68,1006,0
Chennai ,Onion,2786,4171,10860,2021,10,27,32,10,1.4,71,51,1007,0
Chennai ,Onion,2980,4400,2630,2021,11,27,30,13,7.1,77,68,1010,1
Ahmedabad,Onion,1188,1826,5020,2010,1,16,30,13,0,35,2,1014,1
Ahmedabad,Onion,1041,1565,6345,2010,2,16,34,8,0,23,3,1014,1
Ahmedabad,Onion,748,1217,6905,2010,3,20,38,7,0,18,2,1012,1
Ahmedabad,Onion,525,965,9965,2010,4,24,40,13,0,44,2,1008,1
Ahmedabad,Onion,486,825,5696,2010,5,29,44,9,0,22,1,1009,1
Ahmedabad,Onion,565,978,11844,2010,6,31,44,15,0,37,19,1006,0
Ahmedabad,Onion,674,1135,11653,2010,7,31,42,16,0,49,23,1000,1
Ahmedabad,Onion,810,1250,6503,2010,8,26,32,6,2.2,80,62,1002,1
Ahmedabad,Onion,1230,1779,8125,2010,9,25,31,12,3.2,86,61,1003,1
Ahmedabad,Onion,1464,1982,5636,2010,10,24,37,9,0,44,3,1008,1
Ahmedabad,Onion,1665,2333,4943,2010,11,22,35,12,0,35,1,1011,1
Ahmedabad,Onion,2282,3468,5122,2010,12,21,32,9,0,53,0,1011,1
Ahmedabad,Onion,2232,3436,5354,2011,1,12,26,13,0,30,0,1013,1
Ahmedabad,Onion,915,1405,8292,2011,2,16,33,12,0,36,0,1014,1
Ahmedabad,Onion,457,931,8886,2011,3,20,36,11,0,23,6,1011,1
Ahmedabad,Onion,416,777,7820,2011,4,23,40,10,0,33,1,1009,1
Ahmedabad,Onion,385,802,7381,2011,5,29,45,12,0,31,5,1006,1
Ahmedabad,Onion,463,908,9523,2011,6,31,41,19,0.9,44,13,1001,1
Ahmedabad,Onion,621,1142,9392,2011,7,29,35,20,0.4,55,62,1001,1
Ahmedabad,Onion,740,1325,8446,2011,8,26,33,12,6.2,79,75,1000,1
Ahmedabad,Onion,793,1520,8918,2011,9,26,31,7,86.3,91,63,999,1
Ahmedabad,Onion,734,1235,6362,2011,10,26,33,8,0,67,9,1009,1
Ahmedabad,Onion,731,1270,8107,2011,11,23,34,12,0,36,29,1011,1
Ahmedabad,Onion,535,1092,9241,2011,12,21,34,12,0,28,1,1011,1
Ahmedabad,Onion,404,872,8119,2012,1,15,26,15,0,44,0,1014,1
Ahmedabad,Onion,341,713,10773,2012,2,13,27,17,0,27,1,1018,1
Ahmedabad,Onion,415,800,10975,2012,3,18,31,10,0,41,0,1008,1
Ahmedabad,Onion,435,791,5838,2012,4,27,42,13,0,20,7,1010,1
Ahmedabad,Onion,378,808,5549,2012,5,28,42,10,0,23,0,1004,1
Ahmedabad,Onion,468,886,5032,2012,6,29,41,18,0,43,1,1002,1
Ahmedabad,Onion,588,913,5681,2012,7,31,39,12,2.6,52,27,999,1
Ahmedabad,Onion,678,990,5116,2012,8,27,32,17,1.6,72,84,1003,1
Ahmedabad,Onion,629,957,3558,2012,9,27,35,8,9,79,39,1001,1
Ahmedabad,Onion,740,1183,5779,2012,10,25,37,10,0,48,9,1008,1
Ahmedabad,Onion,856,1613,3421,2012,11,21,33,18,0,32,0,1011,1
Ahmedabad,Onion,944,1754,3217,2012,12,17,30,14,0,32,1,1012,1
Ahmedabad,Onion,1280,1805,8630,2013,1,16,29,10,0,36,0,1011,1
Ahmedabad,Onion,1301,1975,14417,2013,2,18,33,10,0,32,4,1013,0
Ahmedabad,Onion,958,1505,12995,2013,3,18,33,17,0,16,1,1016,1
Ahmedabad,Onion,834,1277,15383,2013,4,26,41,11,0,20,0,1008,0
Ahmedabad,Onion,719,1205,14114,2013,5,31,44,14,0,14,0,1005,0
Ahmedabad,Onion,1206,1696,12582,2013,6,30,42,14,0.1,40,9,1002,0
Ahmedabad,Onion,2044,2559,11588,2013,7,29,36,13,15.3,63,66,1000,1
Ahmedabad,Onion,3430,4191,7644,2013,8,27,29,11,4.8,86,82,999,1
Ahmedabad,Onion,4349,5164,6877,2013,9,26,33,10,0.3,71,49,1007,1
Ahmedabad,Onion,3450,5152,13009,2013,10,25,32,9,1.4,79,52,1005,0
Ahmedabad,Onion,3061,4271,9723,2013,11,24,36,4,0,46,0,1013,1
Ahmedabad,Onion,1530,1845,10534,2013,12,19,34,10,0,31,0,1014,0
Ahmedabad,Onion,1083,1450,12719,2014,1,14,26,18,0,47,23,1017,0
Ahmedabad,Onion,728,1229,14512,2014,2,17,31,13,0,29,3,1015,0
Ahmedabad,Onion,808,1292,17399,2014,3,18,30,12,0,23,0,1014,0
Ahmedabad,Onion,785,1265,13171,2014,4,25,38,15,0,29,0,1008,0
Ahmedabad,Onion,860,1465,13814,2014,5,28,43,15,0,21,1,1007,0
Ahmedabad,Onion,1162,1804,14773,2014,6,31,44,11,0,39,1,1004,0
Ahmedabad,Onion,1732,2381,10375,2014,7,30,36,19,0.1,52,51,1005,1
Ahmedabad,Onion,1459,2096,10151,2014,8,27,34,14,2.2,77,64,1000,1
Ahmedabad,Onion,1360,1988,13717,2014,9,28,34,6,24.8,76,43,998,0
Ahmedabad,Onion,1460,2041,13446,2014,10,28,38,3,0.3,52,11,1011,0
Ahmedabad,Onion,1436,2273,13326,2014,11,23,36,11,0,33,4,1012,0
Ahmedabad,Onion,1453,2184,12371,2014,12,21,32,6,0,38,4,1014,0
Ahmedabad,Onion,1359,2317,13405,2015,1,15,27,20,1.6,62,11,1011,0
Ahmedabad,Onion,1569,2300,13009,2015,2,18,31,10,0,26,0,1014,1
Ahmedabad,Onion,1389,2285,11983,2015,3,20,28,29,11.2,57,22,1007,1
Ahmedabad,Onion,1099,2300,14303,2015,4,26,39,14,0,24,1,1008,0
Ahmedabad,Onion,1140,2300,13349,2015,5,30,43,14,0,32,0,1007,0
Ahmedabad,Onion,1582,2486,11567,2015,6,31,44,20,0,35,1,1002,0
Ahmedabad,Onion,1957,3375,11451,2015,7,30,38,23,0.1,50,46,1006,1
Ahmedabad,Onion,3838,5571,7103,2015,8,26,30,23,0.9,80,82,1006,1
Ahmedabad,Onion,4180,6762,7425,2015,9,26,32,10,4.7,78,57,1004,1
Ahmedabad,Onion,2757,5958,13974,2015,10,27,39,10,0,33,0,1011,0
Ahmedabad,Onion,1881,4023,17691,2015,11,21,33,14,0,45,3,1013,0
Ahmedabad,Onion,1283,2889,17078,2015,12,23,34,9,0,29,5,1014,0
Ahmedabad,Onion,942,2250,19722,2016,1,21,33,11,0,27,0,1018,0
Ahmedabad,Onion,741,1960,17281,2016,2,20,34,10,0,42,0,1015,0
Ahmedabad,Onion,748,2000,15928,2016,3,24,39,12,0,18,4,1012,0
Ahmedabad,Onion,768,1926,20460,2016,4,26,39,12,0,34,9,1009,0
Ahmedabad,Onion,618,1608,16673,2016,5,31,42,12,0,26,2,1006,0
Ahmedabad,Onion,753,1992,16885,2016,6,30,42,15,0,42,6,1004,0
Ahmedabad,Onion,782,2000,16566,2016,7,30,38,16,0.2,59,45,1000,0
Ahmedabad,Onion,680,1985,19736,2016,8,26,34,16,10.3,75,81,1002,0
Ahmedabad,Onion,507,1644,19011,2016,9,26,32,10,1.8,77,74,1005,0
Ahmedabad,Onion,697,1739,16302,2016,10,26,34,12,0.8,63,32,1006,0
Ahmedabad,Onion,832,1899,16392,2016,11,21,33,11,0,29,0,1015,0
Ahmedabad,Onion,749,1931,19092,2016,12,22,35,8,0,31,0,1014,0
Ahmedabad,Onion,717,1536,18887,2017,1,18,33,8,0,37,0,1014,0
Ahmedabad,Onion,650,1500,16713,2017,2,18,34,7,0,29,0,1014,0
Ahmedabad,Onion,662,1524,20378,2017,3,22,37,11,0,22,0,1012,0
Ahmedabad,Onion,578,1532,15707,2017,4,27,41,13,0,21,1,1009,0
Ahmedabad,Onion,496,1508,19229,2017,5,29,43,10,0,32,1,1008,0
Ahmedabad,Onion,591,1533,17756,2017,6,30,43,13,0,44,8,1002,0
Ahmedabad,Onion,659,1604,19299,2017,7,27,30,19,19.5,76,68,999,0
Ahmedabad,Onion,1899,2910,13233,2017,8,28,33,16,0.9,66,70,1005,0
Ahmedabad,Onion,1403,3000,18090,2017,9,25,33,17,0.9,73,43,1006,0
Ahmedabad,Onion,2238,3923,21214,2017,10,29,40,8,0,34,5,1009,0
Ahmedabad,Onion,2890,5231,16698,2017,11,26,36,8,0,20,0,1014,0
Ahmedabad,Onion,3049,5762,10977,2017,12,22,33,11,0,27,0,1013,0
Ahmedabad,Onion,3035,5120,13820,2018,1,18,30,9,0,32,0,1012,0
Ahmedabad,Onion,1823,4065,14103,2018,2,24,37,6,0,23,0,1015,0
Ahmedabad,Onion,926,2711,13698,2018,3,27,38,9,0,18,5,1011,0
Ahmedabad,Onion,686,2114,17044,2018,4,28,39,11,0,19,0,1008,0
Ahmedabad,Onion,592,1921,17165,2018,5,31,43,15,0,31,0,1006,0
Ahmedabad,Onion,840,2000,16041,2018,6,33,43,14,0,43,7,1004,0
Ahmedabad,Onion,1121,2214,17897,2018,7,30,38,20,0.6,52,31,1003,0
Ahmedabad,Onion,922,2479,16940,2018,8,27,31,18,0.4,64,76,1003,0
Ahmedabad,Onion,784,2045,18730,2018,9,26,32,13,2.1,71,66,1006,0
Ahmedabad,Onion,1090,2190,16750,2018,10,30,39,6,0,36,2,1010,0
Ahmedabad,Onion,879,2357,6722,2018,11,25,35,10,0,33,4,1013,1
Ahmedabad,Onion,658,1833,6202,2018,12,20,32,11,0,35,0,1015,1
Ahmedabad,Onion,593,2016,14263,2019,1,18,33,9,0,23,0,1019,0
Ahmedabad,Onion,533,1961,12184,2019,2,18,29,13,0,33,1,1016,1
Ahmedabad,Onion,651,1893,12269,2019,3,19,33,13,0,18,4,1012,1
Ahmedabad,Onion,713,2000,16046,2019,4,29,44,10,0,20,0,1009,0
Ahmedabad,Onion,804,2000,16086,2019,5,32,41,15,0,24,0,1004,0
Ahmedabad,Onion,0,0,0,2019,6,34,44,16,0,40,1,1004,1
Ahmedabad,Onion,1190,2000,7267,2019,7,26,37,14,45.7,63,35,1001,1
Ahmedabad,Onion,1709,2833,15617,2019,8,26,28,20,75.2,87,94,1002,0
Ahmedabad,Onion,2889,4685,16254,2019,9,27,33,10,43.4,78,50,1001,0
Ahmedabad,Onion,2881,6222,14814,2019,10,24,32,16,27.1,76,29,1008,0
Ahmedabad,Onion,4344,7563,12313,2019,11,27,35,11,2.4,54,20,1010,0
Ahmedabad,Onion,6034,9625,10192,2019,12,24,33,11,0,40,7,1013,0
Ahmedabad,Onion,3577,7680,12021,2020,1,17,28,12,0,50,5,1013,1
Ahmedabad,Onion,2139,5333,11391,2020,2,15,28,16,0,21,0,1015,1
Ahmedabad,Onion,1759,3875,12151,2020,3,24,37,9,0,29,0,1010,1
Ahmedabad,Onion,0,0,0,2020,4,26,37,16,0,30,1,1011,1
Ahmedabad,Onion,0,0,0,2020,5,30,43,19,0,27,3,1008,1
Ahmedabad,Onion,816,2563,6725,2020,6,30,41,18,0.3,47,24,1007,0
Ahmedabad,Onion,782,2588,8397,2020,7,30,39,14,3.6,55,45,1000,1
Ahmedabad,Onion,0,0,0,2020,8,30,36,13,1,61,61,1002,1
Ahmedabad,Onion,2323,4250,13417,2020,9,26,33,14,0.5,73,34,1007,0
Ahmedabad,Onion,3898,6571,11131,2020,10,28,35,9,0.4,56,30,1007,1
Ahmedabad,Onion,3733,7167,7642,2020,11,25,35,9,0,23,0,1013,1
Ahmedabad,Onion,2380,5727,10829,2020,12,24,34,11,0,34,5,1014,0
Ahmedabad,Onion,2326,5000,14590,2021,1,17,31,11,0,44,3,1012,0
Ahmedabad,Onion,2518,4478,24641,2021,2,18,33,14,0,14,0,1016,0
Ahmedabad,Onion,1324,4080,20755,2021,3,24,37,13,0,20,0,1012,0
Ahmedabad,Onion,944,3125,13992,2021,4,28,42,11,0,29,0,1003,0
Ahmedabad,Onion,1345,3658,14338,2021,5,30,40,12,0,29,21,1007,0
Ahmedabad,Onion,1757,3967,9048,2021,6,29,40,19,0,46,3,1003,0
Ahmedabad,Onion,1627,3500,23739,2021,7,29,38,21,0,49,20,1001,0
Ahmedabad,Onion,1507,3000,14257,2021,8,27,30,19,0.6,75,89,1000,0
Ahmedabad,Onion,1449,3100,12439,2021,9,24,27,15,13.8,92,100,1004,0
Ahmedabad,Onion,0,0,0,2021,10,25,32,16,1.3,81,56,1007,1
Ahmedabad,Onion,0,0,0,2021,11,21,36,11,0,29,0,1012,1
Amritsar,onion,1651,2070,3333,2010,1,10,25,7,0,52,0,1016,1
Amritsar,onion,1410,1859,4165,2010,2,6,25,6,0,50,6,1016,0
Amritsar,onion,916,1370,4925,2010,3,16,32,8,1.2,52,12,1012,0
Amritsar,onion,822,1200,4465,2010,4,19,38,8,0,21,1,1005,0
Amritsar,onion,651,1017,4750,2010,5,26,41,10,0.1,24,4,1008,0
Amritsar,onion,572,1017,4775,2010,6,28,47,10,0,12,0,1000,0
Amritsar,onion,781,1115,4950,2010,7,31,47,6,0,23,7,997,0
Amritsar,onion,1021,1505,3165,2010,8,26,30,8,0.1,80,46,1003,0
Amritsar,onion,1469,1945,3350,2010,9,27,38,4,0.5,70,23,1003,1
Amritsar,onion,1724,2204,3275,2010,10,24,37,5,0,44,1,1009,0
Amritsar,onion,2093,2905,2750,2010,11,18,33,5,0,38,1,1014,1
Amritsar,onion,2651,3480,2915,2010,12,14,29,5,0,36,0,1014,1
Amritsar,onion,3346,4170,2165,2011,1,7,19,5,0,80,4,1015,1
Amritsar,onion,1361,1730,4060,2011,2,9,24,9,0,57,5,1016,0
Amritsar,onion,790,1067,4565,2011,3,9,22,9,0.4,74,25,1017,0
Amritsar,onion,677,991,3755,2011,4,16,33,7,0,32,5,1010,0
Amritsar,onion,647,864,1415,2011,5,25,42,9,0.1,22,4,1005,1
Amritsar,onion,619,940,2290,2011,6,25,32,14,72.8,54,24,1000,1
Amritsar,onion,993,1362,1780,2011,7,29,41,5,3.9,46,15,997,1
Amritsar,onion,1310,1829,1835,2011,8,29,41,7,4.5,60,16,997,1
Amritsar,onion,1503,2000,2885,2011,9,27,32,6,19.7,81,20,1003,1
Amritsar,onion,1206,1633,3345,2011,10,24,34,4,0,60,11,1007,0
Amritsar,onion,1074,1495,3485,2011,11,21,34,5,0,39,0,1013,0
Amritsar,onion,775,1135,5390,2011,12,12,25,6,0,38,25,1013,0
Amritsar,onion,702,1000,5395,2012,1,7,22,6,0,47,6,1017,0
Amritsar,onion,613,916,3968,2012,2,7,20,9,0,53,13,1019,0
Amritsar,onion,661,965,4260,2012,3,11,27,5,0,62,0,1010,0
Amritsar,onion,742,1010,3665,2012,4,20,36,7,0,34,22,1011,0
Amritsar,onion,663,1000,5620,2012,5,20,34,8,0.8,31,9,1007,0
Amritsar,onion,678,1067,3365,2012,6,33,52,8,0,12,1,997,1
Amritsar,onion,781,1322,4545,2012,7,34,51,5,0,19,0,995,0
Amritsar,onion,816,1370,3790,2012,8,29,37,12,0,58,28,998,0
Amritsar,onion,726,1090,3680,2012,9,27,36,5,2.6,72,33,1002,0
Amritsar,onion,874,1381,3420,2012,10,25,39,5,0,37,0,1009,0
Amritsar,onion,1085,1691,3362,2012,11,22,34,6,0,33,0,1013,0
Amritsar,onion,1271,2132,3130,2012,12,13,27,8,0,27,15,1015,0
Amritsar,onion,1485,2104,3500,2013,1,7,19,5,0,51,15,1013,1
Amritsar,onion,1455,2150,2825,2013,2,10,25,6,0,53,31,1017,1
Amritsar,onion,1208,1821,2895,2013,3,9,24,13,0,59,4,1017,1
Amritsar,onion,1147,1774,3000,2013,4,20,36,6,0.2,40,6,1009,1
Amritsar,onion,1017,1488,4000,2013,5,26,41,11,0.2,18,0,1004,1
Amritsar,onion,1126,1927,3520,2013,6,31,48,9,0,16,0,1000,0
Amritsar,onion,1855,3043,2735,2013,7,33,44,6,0.3,29,7,996,1
Amritsar,onion,3505,5175,1275,2013,8,31,38,8,15.7,60,24,998,1
Amritsar,onion,4142,6158,1310,2013,9,26,39,5,2.3,63,12,1004,1
Amritsar,onion,4313,6479,1510,2013,10,26,37,3,1.3,55,16,1008,1
Amritsar,onion,3408,5180,1680,2013,11,19,32,6,0,30,3,1015,1
Amritsar,onion,1845,2700,2370,2013,12,16,30,4,0,28,8,1014,1
Amritsar,onion,1283,2000,4705,2014,1,8,17,11,0,61,8,1022,1
Amritsar,onion,946,1550,5835,2014,2,7,24,3,0,63,19,1019,0
Amritsar,onion,1078,1605,3800,2014,3,9,21,8,3.7,80,9,1016,1
Amritsar,onion,1107,1800,3055,2014,4,18,36,5,0,33,14,1007,1
Amritsar,onion,1147,1958,4315,2014,5,28,45,8,0,17,3,1003,0
Amritsar,onion,1258,2083,4335,2014,6,32,45,12,0.4,20,3,1002,0
Amritsar,onion,2035,3100,3040,2014,7,32,39,9,1.1,44,37,1000,1
Amritsar,onion,1848,2854,4300,2014,8,29,41,6,0.2,52,28,1000,0
Amritsar,onion,1694,2538,5160,2014,9,27,40,7,1.7,55,16,1003,0
Amritsar,onion,1675,2694,3880,2014,10,24,37,6,0.3,51,9,1011,0
Amritsar,onion,1839,2727,4286,2014,11,18,32,7,0,25,1,1015,0
Amritsar,onion,1724,2559,3390,2014,12,14,27,11,0,20,2,1015,1
Amritsar,onion,1552,2269,5920,2015,1,8,24,9,0,34,1,1018,1
Amritsar,onion,1671,2438,2555,2015,2,8,23,6,0.2,51,12,1017,1
Amritsar,onion,1658,2447,1390,2015,3,14,17,19,78.7,79,71,1010,1
Amritsar,onion,1466,2133,1560,2015,4,18,30,10,14,51,17,1009,1
Amritsar,onion,1255,2000,1360,2015,5,25,38,8,0,22,1,1008,1
Amritsar,onion,1671,2577,1368,2015,6,30,42,11,0.8,15,12,1002,1
Amritsar,onion,2119,3096,1218,2015,7,32,39,6,4,38,26,1003,1
Amritsar,onion,3721,5167,1070,2015,8,27,32,15,7.8,71,46,1002,1
Amritsar,onion,3905,4857,987,2015,9,26,36,5,1.8,66,53,1004,1
Amritsar,onion,3387,4667,905,2015,10,25,38,8,0,23,0,1012,1
Amritsar,onion,2225,3295,1780,2015,11,22,31,4,0,34,7,1016,1
Amritsar,onion,1457,2143,2410,2015,12,19,30,5,0,26,0,1015,1
Amritsar,onion,1420,2004,2960,2016,1,11,27,4,0,30,21,1021,1
Amritsar,onion,1169,1750,1925,2016,2,11,25,8,0,41,0,1018,1
Amritsar,onion,1079,1554,3010,2016,3,16,31,6,0,38,9,1016,1
Amritsar,onion,1069,1445,2630,2016,4,22,37,11,0.1,24,19,1007,1
Amritsar,onion,955,1638,2835,2016,5,28,44,8,0,10,0,1002,1
Amritsar,onion,867,1462,2317,2016,6,28,42,10,0.9,20,33,1001,1
Amritsar,onion,1093,1526,2140,2016,7,36,44,8,0,31,32,995,1
Amritsar,onion,929,1500,2290,2016,8,30,39,10,0.2,48,22,999,1
Amritsar,onion,810,1332,4030,2016,9,26,38,5,0.5,56,40,1003,0
Amritsar,onion,911,1374,3900,2016,10,27,41,6,0,34,3,1007,0
Amritsar,onion,1141,1886,3520,2016,11,18,35,5,0,19,0,1016,0
Amritsar,onion,962,1508,2470,2016,12,17,30,5,0,23,1,1018,1
Amritsar,onion,1046,1760,4160,2017,1,12,25,7,0,49,8,1017,1
Amritsar,onion,916,1500,3660,2017,2,9,23,7,0,70,29,1017,1
Amritsar,onion,870,1487,4700,2017,3,14,29,8,0.6,43,11,1014,0
Amritsar,onion,960,1500,4490,2017,4,22,40,11,0,20,4,1007,1
Amritsar,onion,865,1465,5250,2017,5,25,39,9,0,15,0,1009,0
Amritsar,onion,948,1495,3617,2017,6,29,42,10,0.8,24,4,1003,0
Amritsar,onion,919,1450,5070,2017,7,28,41,6,0.2,45,13,997,0
Amritsar,onion,2238,3100,4895,2017,8,29,35,7,5,66,43,1002,0
Amritsar,onion,1979,2792,4974,2017,9,26,37,7,4.5,57,36,1004,0
Amritsar,onion,2936,3917,3870,2017,10,25,43,6,0,19,0,1008,0
Amritsar,onion,3621,4563,4370,2017,11,21,35,7,0,30,0,1015,0
Amritsar,onion,3665,4750,4960,2017,12,18,28,4,0,24,0,1015,0
Amritsar,onion,3575,4600,1870,2018,1,13,24,3,0,45,0,1014,0
Amritsar,onion,2298,3174,5300,2018,2,12,27,7,0,42,3,1016,1
Amritsar,onion,1310,2208,5970,2018,3,15,26,13,0,48,34,1012,0
Amritsar,onion,1066,1591,6200,2018,4,21,36,8,0,31,0,1009,0
Amritsar,onion,1056,1500,7070,2018,5,30,45,12,0.8,21,3,1003,0
Amritsar,onion,1334,2120,5438,2018,6,33,48,11,0,18,2,1001,0
Amritsar,onion,1629,3404,6950,2018,7,31,38,9,0,50,35,999,0
Amritsar,onion,1475,2036,4010,2018,8,31,40,8,0,45,33,997,0
Amritsar,onion,1307,2087,6542,2018,9,28,40,6,0,49,20,1002,0
Amritsar,onion,1555,2405,5130,2018,10,25,38,5,0,40,2,1010,0
Amritsar,onion,1391,2217,6420,2018,11,22,33,8,0.4,36,9,1014,0
Amritsar,onion,1070,1760,8000,2018,12,17,28,5,0,21,7,1015,0
Amritsar,onion,990,1635,8260,2019,1,10,18,4,0,37,49,1019,1
Amritsar,onion,875,1500,2740,2019,2,8,17,11,4.7,80,38,1020,0
Amritsar,onion,807,1304,7860,2019,3,10,17,10,0,65,27,1016,0
Amritsar,onion,977,1642,7590,2019,4,20,34,9,0,30,0,1009,0
Amritsar,onion,1137,2000,7865,2019,5,26,43,11,0.8,21,2,1003,0
Amritsar,onion,1435,2167,6520,2019,6,33,50,10,0,12,5,999,0
Amritsar,onion,1676,2500,7095,2019,7,34,46,10,0.8,22,4,996,0
Amritsar,onion,2198,3091,5175,2019,8,25,34,12,37.8,74,28,1000,0
Amritsar,onion,3506,4479,5200,2019,9,27,38,9,6.8,64,23,1001,0
Amritsar,onion,3743,4955,5510,2019,10,24,33,11,0,61,15,1009,0
Amritsar,onion,5207,6932,4710,2019,11,22,33,5,0,30,13,1012,0
Amritsar,onion,7335,9522,3160,2019,12,15,26,5,0,47,2,1016,1
Amritsar,onion,5263,6673,4139,2020,1,8,16,7,0,55,49,1021,0
Amritsar,onion,2864,4240,5460,2020,2,8,20,4,0,72,6,1017,1
Amritsar,onion,2719,6231,3010,2020,3,11,27,6,0,71,7,1013,1
Amritsar,onion,0,0,0,2020,4,17,30,11,0.1,53,12,1012,1
Amritsar,onion,0,0,0,2020,5,32,42,9,0.1,22,12,1004,1
Amritsar,onion,0,0,0,2020,6,26,40,7,1.7,34,53,1007,1
Amritsar,onion,0,0,0,2020,7,36,48,10,0,21,4,996,1
Amritsar,onion,0,0,0,2020,8,29,42,11,1.5,54,46,999,1
Amritsar,onion,0,0,0,2020,9,26,34,10,6.9,72,64,1004,1
Amritsar,onion,0,0,0,2020,10,27,43,5,0,24,0,1004,1
Amritsar,onion,0,0,0,2020,11,19,32,7,0,13,0,1013,1
Amritsar,onion,0,0,0,2020,12,16,28,5,0,20,6,1016,1
Bangaluru,onion,1721,2429,28050,2010,1,17,24,9,1,84,79,1014,1
Bangaluru,onion,1296,1970,24580,2010,2,17,30,8,0,62,7,1015,1
Bangaluru,onion,808,1475,28380,2010,3,20,34,9,0,39,2,1014,1
Bangaluru,onion,673,1217,32530,2010,4,21,38,8,0,37,3,1010,1
Bangaluru,onion,790,1346,28610,2010,5,23,32,5,1.3,63,55,1011,1
Bangaluru,onion,902,1485,28240,2010,6,22,34,10,2.9,61,26,1009,1
Bangaluru,onion,923,1538,26070,2010,7,20,27,16,5.1,74,61,1006,1
Bangaluru,onion,998,1546,33373,2010,8,18,29,16,3.1,77,56,1010,1
Bangaluru,onion,1455,2000,41720,2010,9,18,28,12,0,81,50,1010,1
Bangaluru,onion,1568,2172,79250,2010,10,20,30,5,86.4,89,53,1008,1
Bangaluru,onion,2734,3191,39510,2010,11,20,27,5,88.2,94,90,1009,1
Bangaluru,onion,3842,4620,37500,2010,12,18,25,11,2.9,90,81,1011,1
Bangaluru,onion,3854,4683,21500,2011,1,17,28,6,0.3,74,45,1010,1
Bangaluru,onion,1258,1967,29370,2011,2,16,29,13,0,45,1,1014,1
Bangaluru,onion,690,1242,26190,2011,3,17,30,12,0,57,11,1013,1
Bangaluru,onion,646,995,24250,2011,4,23,37,6,0,39,10,1010,1
Bangaluru,onion,675,939,24550,2011,5,22,38,5,4.7,56,15,1008,1
Bangaluru,onion,820,1097,25450,2011,6,22,33,10,0.4,67,27,1006,1
Bangaluru,onion,1070,1461,23820,2011,7,22,31,14,25.8,71,49,1007,1
Bangaluru,onion,1300,1858,23860,2011,8,20,30,20,0,65,31,1007,1
Bangaluru,onion,1230,1724,46860,2011,9,20,22,19,10.9,90,85,1006,1
Bangaluru,onion,1067,1561,44500,2011,10,20,30,6,4.4,78,35,1010,1
Bangaluru,onion,1030,1530,70700,2011,11,20,26,11,14.7,88,72,1011,1
Bangaluru,onion,793,1281,56500,2011,12,19,28,9,0.6,79,55,1012,0
Bangaluru,onion,650,1210,47600,2012,1,16,27,14,0,73,30,1013,0
Bangaluru,onion,574,1163,37150,2012,2,15,27,16,0,59,11,1015,1
Bangaluru,onion,604,1243,27160,2012,3,21,36,6,0,31,5,1008,1
Bangaluru,onion,628,1246,23940,2012,4,23,34,11,0.8,50,7,1011,1
Bangaluru,onion,594,1133,18400,2012,5,23,32,11,3.3,67,33,1008,1
Bangaluru,onion,750,1258,24930,2012,6,21,35,17,0.5,53,13,1006,1
Bangaluru,onion,826,1324,23780,2012,7,20,28,22,2.9,72,54,1005,1
Bangaluru,onion,946,1425,25850,2012,8,19,31,20,0,63,29,1010,1
Bangaluru,onion,905,1362,38610,2012,9,19,26,19,0,80,70,1008,1
Bangaluru,onion,1050,1530,48175,2012,10,20,23,9,50.7,95,88,1009,1
Bangaluru,onion,1604,2139,78600,2012,11,18,19,15,39.4,98,100,1004,1
Bangaluru,onion,1757,2286,25280,2012,12,16,28,9,0,60,6,1012,1
Bangaluru,onion,1658,2183,22100,2013,1,18,30,12,0,69,30,1012,1
Bangaluru,onion,1770,2464,19725,2013,2,15,29,14,0,52,4,1015,1
Bangaluru,onion,1250,1800,21900,2013,3,20,32,14,0,33,0,1013,1
Bangaluru,onion,1087,1596,28095,2013,4,24,36,7,5,50,38,1009,1
Bangaluru,onion,1196,2325,19830,2013,5,25,36,11,0,41,1,1007,1
Bangaluru,onion,1673,2228,26826,2013,6,21,26,13,44.5,82,79,1007,1
Bangaluru,onion,2319,2922,36471,2013,7,20,30,19,1.3,65,33,1007,1
Bangaluru,onion,3090,4260,46196,2013,8,19,24,26,0.5,79,83,1007,0
Bangaluru,onion,3192,4588,131230,2013,9,22,31,6,4.1,68,27,1008,0
Bangaluru,onion,3493,4748,149282,2013,10,19,28,12,4.4,80,53,1008,0
Bangaluru,onion,2909,5957,84483,2013,11,19,29,10,1.5,82,46,1013,1
Bangaluru,onion,1580,2496,73170,2013,12,19,27,11,7.6,80,57,1014,0
Bangaluru,onion,1118,1844,63193,2014,1,17,22,15,0.5,76,55,1015,0
Bangaluru,onion,794,1408,53344,2014,2,16,28,15,0,69,36,1015,0
Bangaluru,onion,747,1325,67468,2014,3,19,29,8,12,71,35,1012,0
Bangaluru,onion,743,1377,63059,2014,4,23,38,8,0,30,3,1008,0
Bangaluru,onion,1015,1648,57286,2014,5,26,36,7,0.8,44,15,1009,0
Bangaluru,onion,2038,3760,49775,2014,6,25,35,10,5.9,53,20,1006,0
Bangaluru,onion,2554,3469,41480,2014,7,22,32,12,6.6,67,46,1009,0
Bangaluru,onion,2241,3283,46786,2014,8,21,28,21,2.7,75,76,1008,0
Bangaluru,onion,1754,2746,102997,2014,9,19,28,20,0.4,77,60,1006,0
Bangaluru,onion,1643,2535,154265,2014,10,20,30,9,1,72,22,1012,0
Bangaluru,onion,1507,2464,133859,2014,11,18,27,12,0.1,70,31,1012,0
Bangaluru,onion,1377,2323,87731,2014,12,16,27,14,0,58,32,1013,0
Bangaluru,onion,1758,2791,74978,2015,1,18,28,10,1.1,74,45,1010,0
Bangaluru,onion,1815,2750,26795,2015,2,15,29,13,0,59,10,1016,1
Bangaluru,onion,1576,2396,41339,2015,3,20,29,14,5,70,26,1011,1
Bangaluru,onion,1455,2260,43534,2015,4,22,33,10,1.2,57,28,1011,0
Bangaluru,onion,1725,2458,44227,2015,5,24,34,9,0.2,45,6,1010,0
Bangaluru,onion,2182,3145,43403,2015,6,23,32,11,4.6,64,33,1007,0
Bangaluru,onion,2357,3314,45957,2015,7,20,32,18,0,63,23,1011,0
Bangaluru,onion,2727,4029,83437,2015,8,21,28,16,4.1,74,55,1011,0
Bangaluru,onion,2536,4391,114533,2015,9,20,27,13,2.6,80,64,1009,0
Bangaluru,onion,2223,3914,173788,2015,10,20,29,10,18.5,81,58,1011,0
Bangaluru,onion,2664,4264,77516,2015,11,20,27,11,9.6,82,54,1012,1
Bangaluru,onion,1494,3000,53853,2015,12,19,23,12,3.2,88,83,1014,0
Bangaluru,onion,1494,2600,51819,2016,1,14,26,14,0,65,5,1018,0
Bangaluru,onion,1236,2128,52636,2016,2,18,31,12,0,37,0,1015,0
Bangaluru,onion,875,1644,54066,2016,3,18,32,13,0,56,10,1014,0
Bangaluru,onion,800,1514,43289,2016,4,23,36,10,0,41,8,1010,0
Bangaluru,onion,791,1475,48979,2016,5,25,40,9,0,34,3,1009,0
Bangaluru,onion,815,2012,44579,2016,6,22,31,11,6.7,68,49,1007,0
Bangaluru,onion,931,1704,48149,2016,7,20,28,26,0.4,74,52,1007,0
Bangaluru,onion,818,1487,50457,2016,8,19,26,24,0.4,79,52,1009,0
Bangaluru,onion,870,1640,57279,2016,9,20,26,13,4.4,85,63,1010,1
Bangaluru,onion,931,1641,187836,2016,10,19,28,11,0,79,43,1009,0
Bangaluru,onion,1243,2048,181683,2016,11,19,27,11,2.7,80,57,1013,0
Bangaluru,onion,917,1630,89761,2016,12,16,25,12,6,66,74,1014,0
Bangaluru,onion,738,1421,57637,2017,1,14,28,10,0,66,6,1014,0
Bangaluru,onion,754,1333,35628,2017,2,17,31,10,0,47,0,1015,1
Bangaluru,onion,685,1238,45279,2017,3,18,32,15,0,31,0,1013,0
Bangaluru,onion,622,1213,48714,2017,4,22,36,9,0,35,2,1012,0
Bangaluru,onion,581,1055,49261,2017,5,24,34,6,3.1,44,16,1010,0
Bangaluru,onion,713,1279,54196,2017,6,21,33,11,2.9,68,23,1007,0
Bangaluru,onion,740,1292,49617,2017,7,20,31,20,5,66,21,1008,0
Bangaluru,onion,1987,3096,27910,2017,8,22,31,13,0,60,24,1010,1
Bangaluru,onion,1511,2573,53549,2017,9,22,29,11,2.1,66,31,1010,1
Bangaluru,onion,1987,3189,98684,2017,10,22,27,9,19,82,50,1010,1
Bangaluru,onion,3011,4578,65469,2017,11,20,25,16,1.7,78,52,1013,1
Bangaluru,onion,2991,4295,45268,2017,12,20,24,22,2.1,84,87,1011,1
Bangaluru,onion,2859,4130,43258,2018,1,18,29,5,0,56,10,1011,1
Bangaluru,onion,1526,2653,36718,2018,2,18,30,13,0,30,0,1015,1
Bangaluru,onion,882,1721,52904,2018,3,21,32,14,0,30,0,1012,0
Bangaluru,onion,608,1290,53721,2018,4,26,34,11,0,43,10,1009,0
Bangaluru,onion,638,1262,44139,2018,5,25,36,10,0,46,8,1008,0
Bangaluru,onion,824,1446,69265,2018,6,24,32,7,14.2,67,39,1007,0
Bangaluru,onion,1036,1756,55239,2018,7,22,29,11,17.9,67,39,1008,0
Bangaluru,onion,1059,1882,55729,2018,8,21,28,22,0.3,68,41,1010,0
Bangaluru,onion,967,1722,61700,2018,9,21,28,14,9.1,73,39,1011,1
Bangaluru,onion,1112,1800,129269,2018,10,22,30,12,3.9,69,21,1010,0
Bangaluru,onion,1071,1805,137285,2018,11,20,28,12,1.7,74,28,1012,0
Bangaluru,onion,639,1265,65121,2018,12,18,28,11,0,67,31,1014,0
Bangaluru,onion,545,1586,61363,2019,1,17,27,12,0,47,0,1019,0
Bangaluru,onion,491,1035,50224,2019,2,17,27,14,0,61,15,1015,0
Bangaluru,onion,646,1217,53392,2019,3,24,34,11,1.1,47,13,1011,0
Bangaluru,onion,740,1405,48478,2019,4,25,37,13,0,29,3,1011,0
Bangaluru,onion,796,1513,45229,2019,5,25,35,18,0.3,49,15,1006,0
Bangaluru,onion,1123,1900,47577,2019,6,24,34,16,0,54,28,1007,0
Bangaluru,onion,1113,1859,52246,2019,7,22,31,24,0.5,62,26,1006,0
Bangaluru,onion,1577,2625,51765,2019,8,21,28,24,3.5,71,38,1010,0
Bangaluru,onion,2620,3978,63188,2019,9,20,27,24,10,77,66,1008,1
Bangaluru,onion,2463,3825,139206,2019,10,21,28,5,28.8,77,33,1012,0
Bangaluru,onion,4771,8367,102924,2019,11,20,27,8,6.6,76,25,1012,0
Bangaluru,onion,7792,10604,50300,2019,12,21,21,19,32.8,92,86,1013,1
Bangaluru,onion,3280,5500,39474,2020,1,18,25,16,0.6,77,54,1015,1
Bangaluru,onion,1966,3384,44473,2020,2,19,28,18,0,53,9,1012,0
Bangaluru,onion,1494,2638,46386,2020,3,19,32,16,0.7,54,30,1012,0
Bangaluru,onion,0,0,0,2020,4,24,35,14,0,31,4,1011,1
Bangaluru,onion,0,0,0,2020,5,26,34,8,0,43,10,1010,1
Bangaluru,onion,850,1436,45336,2020,6,24,31,14,7.2,64,57,1009,0
Bangaluru,onion,825,1400,14927,2020,7,21,25,18,14.9,83,69,1007,1
Bangaluru,onion,1250,2094,28572,2020,8,22,25,20,13.9,82,80,1007,1
Bangaluru,onion,2360,3713,51773,2020,9,22,27,13,80.1,77,74,1009,1
Bangaluru,onion,4719,6463,58800,2020,10,20,25,16,5.9,81,60,1009,1
Bangaluru,onion,5062,6976,45386,2020,11,21,28,6,1.1,69,58,1012,1
Bangaluru,onion,2869,5827,51195,2020,12,17,24,15,0,73,14,1015,1
Bangaluru,onion,2934,4259,44125,2021,1,16,25,16,0,69,17,1014,1
Bangaluru,onion,3703,5075,47778,2021,2,18,28,19,0,49,6,1016,0
Bangaluru,onion,1771,2988,66834,2021,3,23,31,13,0,28,1,1012,0
Bangaluru,onion,1205,2063,38035,2021,4,22,35,15,0,39,1,1007,0
Bangaluru,onion,950,1850,8350,2021,5,26,35,14,0,43,4,1008,1
Bangaluru,onion,1757,2973,20780,2021,6,22,32,15,0.4,58,42,1008,1
Bangaluru,onion,1725,3054,36420,2021,7,23,28,11,9.1,65,66,1008,1
Bangaluru,onion,1479,2571,37208,2021,8,20,29,26,0,65,37,1010,1
Bangaluru,onion,1150,2253,40973,2021,9,20,28,13,1.1,72,63,1009,1
Bangaluru,onion,2293,3730,108145,2021,10,21,27,10,8.3,79,78,1010,1
Bangaluru,onion,2892,4333,14570,2021,11,20,26,13,2.3,84,55,1012,1
Bangaluru,onion,0,0,0,2021,12,18,26,15,0,81,47,1012,1
Bhopal,onion,1140,1440,832,2010,1,12,26,8,0,44,0,1016,1
Bhopal,onion,1095,1359,1668,2010,2,13,25,4,0,44,28,1015,1
Bhopal,onion,713,967,1736,2010,3,20,36,7,0,17,2,1013,1
Bhopal,onion,503,638,1904,2010,4,25,38,12,0,21,0,1007,1
Bhopal,onion,349,450,3608,2010,5,27,40,11,0,19,10,1008,0
Bhopal,onion,491,608,3267,2010,6,32,41,12,0,22,4,1004,0
Bhopal,onion,663,829,1317,2010,7,27,41,9,0.2,50,27,1000,1
Bhopal,onion,788,1020,855,2010,8,24,25,8,10.8,95,89,1002,1
Bhopal,onion,1085,1342,681,2010,9,23,28,9,6.6,92,75,1004,1
Bhopal,onion,1336,1644,758,2010,10,21,33,6,0,53,3,1009,1
Bhopal,onion,1581,1888,762,2010,11,18,30,11,0,47,2,1013,1
Bhopal,onion,1918,2262,803,2010,12,17,27,8,0.1,60,37,1012,1
Bhopal,onion,2562,3100,1114,2011,1,11,23,11,0,39,0,1014,1
Bhopal,onion,1019,1391,1566,2011,2,14,28,11,0,42,0,1016,1
Bhopal,onion,569,736,3000,2011,3,17,33,10,2.2,39,16,1012,1
Bhopal,onion,496,625,3459,2011,4,23,38,10,0,15,0,1008,0
Bhopal,onion,426,558,3668,2011,5,28,43,6,1.6,18,7,1005,0
Bhopal,onion,527,677,2885,2011,6,31,40,13,0,30,5,1000,1
Bhopal,onion,740,910,1143,2011,7,24,31,14,12.7,75,34,1002,1
Bhopal,onion,924,1192,1106,2011,8,24,30,11,24.7,88,80,1000,1
Bhopal,onion,1412,1715,969,2011,9,24,30,6,12.1,88,42,999,1
Bhopal,onion,1081,1375,847,2011,10,22,31,8,2.5,66,17,1009,1
Bhopal,onion,789,1093,2293,2011,11,19,33,7,0,35,1,1012,0
Bhopal,onion,614,792,4861,2011,12,17,28,8,0,32,0,1013,0
Bhopal,onion,458,598,3739,2012,1,16,25,14,16.5,84,43,1013,0
Bhopal,onion,425,554,3599,2012,2,12,24,11,0,43,0,1019,0
Bhopal,onion,594,776,3012,2012,3,18,33,5,0,18,0,1008,0
Bhopal,onion,455,607,2025,2012,4,27,40,8,0,14,6,1009,1
Bhopal,onion,304,425,4424,2012,5,27,39,13,0,10,0,1004,0
Bhopal,onion,352,469,4339,2012,6,31,43,16,0.2,27,3,999,0
Bhopal,onion,654,840,1344,2012,7,29,38,17,0,50,14,997,1
Bhopal,onion,662,804,1547,2012,8,22,24,13,4.3,95,87,1002,0
Bhopal,onion,717,875,1441,2012,9,25,33,4,5.2,77,33,1001,1
Bhopal,onion,742,952,1010,2012,10,23,35,8,0.1,49,11,1009,1
Bhopal,onion,776,952,1179,2012,11,19,31,13,0,34,3,1012,1
Bhopal,onion,740,933,1175,2012,12,15,28,12,0,37,1,1014,1
Bhopal,onion,796,1056,1475,2013,1,16,29,8,0,45,14,1011,1
Bhopal,onion,1790,2229,1366,2013,2,15,30,9,0,35,12,1016,1
Bhopal,onion,1202,1513,998,2013,3,16,29,12,0,24,0,1016,1
Bhopal,onion,835,1073,2301,2013,4,26,39,6,0,19,2,1008,1
Bhopal,onion,611,1130,3900,2013,5,31,42,13,0,13,1,1003,0
Bhopal,onion,1014,1202,3823,2013,6,32,43,8,0,13,3,1000,0
Bhopal,onion,1924,2319,1421,2013,7,26,33,14,6.4,71,44,1000,1
Bhopal,onion,3734,4496,999,2013,8,25,31,13,14.1,80,45,996,1
Bhopal,onion,3596,4404,1301,2013,9,22,31,8,0.3,78,36,1007,1
Bhopal,onion,3738,4492,2608,2013,10,23,32,8,3.1,78,31,1005,0
Bhopal,onion,3137,3978,1246,2013,11,20,32,4,0,46,10,1014,1
Bhopal,onion,1496,1880,2993,2013,12,16,31,8,0,28,0,1016,0
Bhopal,onion,746,973,3635,2014,1,13,26,10,0,58,8,1017,0
Bhopal,onion,713,911,2576,2014,2,13,29,9,0,37,0,1017,0
Bhopal,onion,708,908,3491,2014,3,18,27,10,0,33,4,1013,0
Bhopal,onion,650,841,3210,2014,4,26,37,16,0,18,1,1007,0
Bhopal,onion,781,1015,3855,2014,5,31,42,17,0,10,0,1005,0
Bhopal,onion,1176,1456,3592,2014,6,32,44,14,0,19,1,1002,0
Bhopal,onion,2177,2584,2984,2014,7,29,39,16,0,37,6,1003,0
Bhopal,onion,1871,2271,1642,2014,8,25,30,12,22.1,87,71,1000,0
Bhopal,onion,1386,1752,3464,2014,9,24,33,10,26.4,80,35,998,0
Bhopal,onion,1667,2017,1560,2014,10,24,36,7,0,44,2,1012,1
Bhopal,onion,1833,2213,1067,2014,11,21,32,10,0,39,4,1013,1
Bhopal,onion,1436,1792,2308,2014,12,17,29,10,0,37,5,1014,0
Bhopal,onion,1287,1546,2513,2015,1,13,18,18,12.9,87,84,1014,0
Bhopal,onion,1359,1709,2687,2015,2,14,27,9,0,37,1,1016,0
Bhopal,onion,1539,1914,1943,2015,3,16,17,17,31.1,83,74,1012,1
Bhopal,onion,1278,1608,2936,2015,4,26,36,9,0,17,0,1008,0
Bhopal,onion,958,1219,3211,2015,5,30,40,19,0,11,0,1006,1
Bhopal,onion,1383,1726,2637,2015,6,33,43,17,0,16,0,1000,1
Bhopal,onion,1978,2344,1862,2015,7,27,34,17,16.8,61,29,1005,1
Bhopal,onion,4057,4737,1170,2015,8,23,27,15,1.7,81,65,1007,1
Bhopal,onion,5543,6317,1376,2015,9,23,29,9,3,84,59,1004,1
Bhopal,onion,2536,3050,2299,2015,10,23,34,4,0,50,6,1012,0
Bhopal,onion,1628,1991,3084,2015,11,19,29,13,0,55,17,1015,0
Bhopal,onion,926,1456,2794,2015,12,21,32,7,0,46,9,1014,0
Bhopal,onion,570,1589,2651,2016,1,17,31,10,0,33,0,1019,0
Bhopal,onion,452,964,4454,2016,2,18,31,9,0,42,0,1015,0
Bhopal,onion,475,972,4242,2016,3,21,35,10,0,19,7,1015,0
Bhopal,onion,411,1000,4309,2016,4,26,39,14,0,11,3,1007,0
Bhopal,onion,397,946,5188,2016,5,31,41,17,0,11,2,1005,0
Bhopal,onion,492,882,3374,2016,6,31,41,12,2.6,24,34,1002,0
Bhopal,onion,746,997,2629,2016,7,27,34,15,20.7,70,31,1000,0
Bhopal,onion,674,947,2719,2016,8,24,25,16,102.5,95,90,1001,0
Bhopal,onion,548,857,3001,2016,9,23,27,13,6.2,92,81,1005,0
Bhopal,onion,686,1298,3626,2016,10,24,31,10,11.5,80,31,1006,0
Bhopal,onion,711,1372,3166,2016,11,17,29,10,0,37,0,1016,0
Bhopal,onion,642,924,2385,2016,12,17,30,9,0,34,0,1016,0
Bhopal,onion,584,953,3427,2017,1,16,28,10,0,40,1,1014,0
Bhopal,onion,537,889,1739,2017,2,15,32,7,0,31,0,1015,1
Bhopal,onion,517,826,6408,2017,3,21,35,9,0,18,0,1012,0
Bhopal,onion,739,1037,3423,2017,4,27,41,16,0,14,0,1008,0
Bhopal,onion,584,891,3458,2017,5,28,40,11,0,16,1,1007,0
Bhopal,onion,523,751,5942,2017,6,30,39,7,2.3,33,31,1002,0
Bhopal,onion,575,1835,4228,2017,7,25,32,16,5.9,73,56,999,0
Bhopal,onion,943,1530,1734,2017,8,24,30,14,10.8,82,40,1005,0
Bhopal,onion,828,1489,1323,2017,9,23,29,13,0.3,82,25,1007,1
Bhopal,onion,1292,1935,1092,2017,10,25,33,8,0,52,2,1008,1
Bhopal,onion,1892,3644,2256,2017,11,21,30,8,0,37,0,1015,0
Bhopal,onion,2479,3792,1495,2017,12,19,27,8,0,37,1,1014,1
Bhopal,onion,2519,3654,1613,2018,1,14,25,9,0,45,5,1012,1
Bhopal,onion,1614,2659,1584,2018,2,19,31,6,0,28,0,1015,1
Bhopal,onion,1219,1725,1764,2018,3,23,35,8,0,24,6,1011,1
Bhopal,onion,812,1220,4572,2018,4,27,39,12,0,9,0,1007,0
Bhopal,onion,666,913,4034,2018,5,31,43,17,0,17,5,1003,0
Bhopal,onion,830,1122,2219,2018,6,34,41,12,3.8,24,11,1002,1
Bhopal,onion,1056,1503,1638,2018,7,27,33,14,0,60,31,1003,1
Bhopal,onion,938,1280,1674,2018,8,23,31,20,0.3,72,49,1002,0
Bhopal,onion,822,1159,2733,2018,9,22,24,17,40.7,94,90,1006,0
Bhopal,onion,848,1228,2082,2018,10,25,34,4,0,49,3,1010,0
Bhopal,onion,841,1161,1648,2018,11,21,31,9,0,50,5,1014,1
Bhopal,onion,622,892,3045,2018,12,17,28,7,0,47,0,1016,0
Bhopal,onion,738,1158,3425,2019,1,15,29,5,0,31,0,1019,0
Bhopal,onion,604,844,3450,2019,2,18,27,8,0,30,6,1015,0
Bhopal,onion,625,846,3245,2019,3,14,28,13,0,24,2,1014,0
Bhopal,onion,660,908,3456,2019,4,28,39,9,0,16,0,1009,0
Bhopal,onion,635,4127,3534,2019,5,31,41,19,0,12,0,1002,0
Bhopal,onion,933,1972,1794,2019,6,35,42,20,0,16,1,1002,1
Bhopal,onion,1042,2034,1909,2019,7,26,35,15,0.9,58,21,999,0
Bhopal,onion,1465,1910,1732,2019,8,24,28,18,43.6,90,65,1000,0
Bhopal,onion,2681,3804,1555,2019,9,24,31,8,16.1,83,47,1001,1
Bhopal,onion,2816,3832,2092,2019,10,22,27,14,5.6,89,67,1009,0
Bhopal,onion,3950,5583,1819,2019,11,22,30,7,0.2,68,15,1012,0
Bhopal,onion,6875,9167,1598,2019,12,18,28,8,0,47,12,1015,1
Bhopal,onion,3600,4944,3086,2020,1,14,22,15,4.1,72,82,1015,0
Bhopal,onion,2316,3280,2125,2020,2,13,24,13,0,39,4,1015,1
Bhopal,onion,1713,2465,2122,2020,3,21,33,10,0,27,6,1010,1
Bhopal,onion,0,0,0,2020,4,26,37,13,0,15,2,1009,1
Bhopal,onion,0,0,0,2020,5,30,41,14,0,13,5,1006,1
Bhopal,onion,711,1029,2047,2020,6,31,40,15,0.1,29,21,1006,1
Bhopal,onion,1075,2271,2221,2020,7,29,36,10,0.2,56,23,1001,0
Bhopal,onion,852,1228,1747,2020,8,27,33,11,4.4,72,62,1002,0
Bhopal,onion,1383,2075,1810,2020,9,23,28,11,0.3,85,45,1008,0
Bhopal,onion,3508,4760,2003,2020,10,23,31,11,0,58,12,1006,0
Bhopal,onion,3318,4636,1578,2020,11,21,29,7,0,23,4,1014,1
Bhopal,onion,1994,2915,2437,2020,12,20,30,6,0,34,0,1016,0
Bhopal,onion,2215,3173,2525,2021,1,14,27,12,0,50,9,1014,0
Bhopal,onion,2180,3260,2336,2021,2,14,28,9,0,20,0,1018,1
Bhopal,onion,1450,2338,4099,2021,3,22,34,15,0,18,0,1012,0
Bhopal,onion,1006,1750,1179,2021,4,26,37,14,0,8,0,1003,1
Bhopal,onion,0,0,0,2021,5,30,39,16,0,19,33,1006,1
Bhopal,onion,0,0,0,2021,6,25,40,16,0,32,25,1003,1
Bhopal,onion,0,0,0,2021,7,28,32,19,1.8,57,54,1001,1
Bhopal,onion,0,0,0,2021,8,16,24,24,79,95,97,999,1
Bhopal,onion,0,0,0,2021,9,23,30,12,0.9,87,71,1005,1
Bhopal,onion,0,0,0,2021,10,23,30,5,6.4,85,65,1008,1
Bhopal,onion,0,0,0,2021,11,17,31,8,0,40,0,1014,1
Bhopal,onion,0,0,0,2021,12,17,23,12,0,41,43,1016,1
